h3name,entity,category
AAGLATTK,archangel,creature:castle
AAGLDFND,archangel,creature:castle
AAGLKILL,archangel,creature:castle
AAGLMOVE,archangel,creature:castle
AAGLWNCE,archangel,creature:castle
ACID,acidBreath,spell
ADVLATTK,archDevil,creature:inferno
ADVLDFND,archDevil,creature:inferno
ADVLEXT1,archDevil,creature:inferno
ADVLEXT2,archDevil,creature:inferno
ADVLKILL,archDevil,creature:inferno
ADVLMOVE,archDevil,creature:inferno
ADVLWNCE,archDevil,creature:inferno
AELMATTK,airElemental,creature:conflux
AELMDFND,airElemental,creature:conflux
AELMKILL,airElemental,creature:conflux
AELMMOVE,airElemental,creature:conflux
AELMWNCE,airElemental,creature:conflux
AGE,age,spell
AGRMATTK,gremlin,creature:tower
AGRMDFND,gremlin,creature:tower
AGRMKILL,gremlin,creature:tower
AGRMMOVE,gremlin,creature:tower
AGRMSHOT,gremlin,creature:tower
AGRMWNCE,gremlin,creature:tower
AIRSHELD,airShield,spell
ALIZATTK,lizardWarrior,creature:fortress
ALIZDFND,lizardWarrior,creature:fortress
ALIZKILL,lizardWarrior,creature:fortress
ALIZMOVE,lizardWarrior,creature:fortress
ALIZSHOT,lizardWarrior,creature:fortress
ALIZWNCE,lizardWarrior,creature:fortress
AMAGATTK,archMage,creature:tower
AMAGDFND,archMage,creature:tower
AMAGKILL,archMage,creature:tower
AMAGMOVE,archMage,creature:tower
AMAGSHOT,archMage,creature:tower
AMAGWNCE,archMage,creature:tower
ANGLATTK,angel,creature:castle
ANGLDFND,angel,creature:castle
ANGLKILL,angel,creature:castle
ANGLMOVE,angel,creature:castle
ANGLWNCE,angel,creature:castle
ANIMDEAD,animateDead,spell
ANTIMAGK,antiMagic,spell
APEGATTK,silverPegasus,creature:rampart
APEGDFND,silverPegasus,creature:rampart
APEGKILL,silverPegasus,creature:rampart
APEGMOVE,silverPegasus,creature:rampart
APEGWNCE,silverPegasus,creature:rampart
ARMGEDN,armageddon,spell
AZURATTK,azureDragon,creature:neutral
AZURDFND,azureDragon,creature:neutral
AZURKILL,azureDragon,creature:neutral
AZURMOVE,azureDragon,creature:neutral
AZURWNCE,azureDragon,creature:neutral
BACKLASH,magicMirror,spell
BADLUCK,BADLUCK,misc
BADMRLE,BADMRLE,misc
BALLKILL,BALLKill,misc
BALLSHOT,BALLShot,misc
BALLWNCE,BALLWNCE,misc
BASLATTK,basilisk,creature:fortress
BASLDFND,basilisk,creature:fortress
BASLKILL,basilisk,creature:fortress
BASLMOVE,basilisk,creature:fortress
BASLWNCE,basilisk,creature:fortress
BATTLE00,battle00,misc
BATTLE01,battle01,misc
BATTLE02,battle02,misc
BATTLE03,battle03,misc
BATTLE04,battle04,misc
BATTLE05,battle05,misc
BATTLE06,battle06,misc
BATTLE07,battle07,misc
BDRFATTK,battleDwarf,creature:rampart
BDRFDFND,battleDwarf,creature:rampart
BDRFKILL,battleDwarf,creature:rampart
BDRFMOVE,battleDwarf,creature:rampart
BDRFWNCE,battleDwarf,creature:rampart
BERSERK,berserk,spell
BGORATTK,mightyGorgon,creature:fortress
BGORDFND,mightyGorgon,creature:fortress
BGORKILL,mightyGorgon,creature:fortress
BGORMOVE,mightyGorgon,creature:fortress
BGORWNCE,mightyGorgon,creature:fortress
BHDRATTK,beholder,creature:dungeon
BHDRDETH,BHDRDETH,misc
BHDRDFND,beholder,creature:dungeon
BHDRKILL,beholder,creature:dungeon
BHDRMOVE,beholder,creature:dungeon
BHDRSHOT,beholder,creature:dungeon
BHDRWNCE,beholder,creature:dungeon
BIND,bind,spell
BKDRATTK,blackDragon,creature:dungeon
BKDRDFND,blackDragon,creature:dungeon
BKDRKILL,blackDragon,creature:dungeon
BKDRMOVE,blackDragon,creature:dungeon
BKDRWNCE,blackDragon,creature:dungeon
BKNTATTK,blackKnight,creature:necropolis
BKNTDFND,blackKnight,creature:necropolis
BKNTKILL,blackKnight,creature:necropolis
BKNTMOVE,blackKnight,creature:necropolis
BKNTWNCE,blackKnight,creature:necropolis
BLESS,bless,spell
BLIND,blind,spell
BLOODLUS,bloodlust,spell
BLRDATTK,dreadKnight,creature:necropolis
BLRDDFND,dreadKnight,creature:necropolis
BLRDKILL,dreadKnight,creature:necropolis
BLRDMOVE,dreadKnight,creature:necropolis
BLRDWNCE,dreadKnight,creature:necropolis
BMTHATTK,ancientBehemoth,creature:stronghold
BMTHDFND,ancientBehemoth,creature:stronghold
BMTHKILL,ancientBehemoth,creature:stronghold
BMTHMOVE,ancientBehemoth,creature:stronghold
BMTHWNCE,ancientBehemoth,creature:stronghold
BOARATTK,boar,creature:neutral
BOARDFND,boar,creature:neutral
BOARKILL,boar,creature:neutral
BOARMOVE,boar,creature:neutral
BOARWNCE,boar,creature:neutral
BODRATTK,boneDragon,creature:necropolis
BODRDFND,boneDragon,creature:necropolis
BODRKILL,boneDragon,creature:necropolis
BODRMOVE,boneDragon,creature:necropolis
BODRWNCE,boneDragon,creature:necropolis
BTREATTK,dendroidSoldier,creature:rampart
BTREDFND,dendroidSoldier,creature:rampart
BTREKILL,dendroidSoldier,creature:rampart
BTREMOVE,dendroidSoldier,creature:rampart
BTREWNCE,dendroidSoldier,creature:rampart
BUILDTWN,newBuilding,misc
BUTTON,button,misc
CALFATTK,masterGenie,creature:tower
CALFDFND,masterGenie,creature:tower
CALFKILL,masterGenie,creature:tower
CALFMOVE,masterGenie,creature:tower
CALFSHOT,masterGenie,creature:tower
CALFWNCE,masterGenie,creature:tower
CARTKILL,CARTKill,misc
CARTWNCE,CARTWNCE,misc
CATAKILL,CATAKill,misc
CATASHOT,CATAShot,misc
CATAWNCE,CATAWNCE,misc
CAVAATTK,cavalier,creature:castle
CAVADFND,cavalier,creature:castle
CAVAKILL,cavalier,creature:castle
CAVAMOVE,cavalier,creature:castle
CAVAWNCE,cavalier,creature:castle
CAVEHEAD,CAVEHEAD,misc
CCYCATTK,cyclop,creature:stronghold
CCYCDFND,cyclop,creature:stronghold
CCYCKILL,cyclop,creature:stronghold
CCYCMOVE,cyclop,creature:stronghold
CCYCSHOT,cyclop,creature:stronghold
CCYCWNCE,cyclop,creature:stronghold
CERBATTK,cerberus,creature:inferno
CERBDFND,cerberus,creature:inferno
CERBKILL,cerberus,creature:inferno
CERBMOVE,cerberus,creature:inferno
CERBWNCE,cerberus,creature:inferno
CGORATTK,gorgon,creature:fortress
CGORDFND,gorgon,creature:fortress
CGORKILL,gorgon,creature:fortress
CGORMOVE,gorgon,creature:fortress
CGORWNCE,gorgon,creature:fortress
CHAINLTE,chainLightning,spell
CHAT,chat,misc
CHEST,chest,misc
CHMPATTK,champion,creature:castle
CHMPDFND,champion,creature:castle
CHMPKILL,champion,creature:castle
CHMPMOVE,champion,creature:castle
CHMPWNCE,champion,creature:castle
CHYDATTK,chaosHydra,creature:fortress
CHYDDFND,chaosHydra,creature:fortress
CHYDKILL,chaosHydra,creature:fortress
CHYDMOVE,chaosHydra,creature:fortress
CHYDWNCE,chaosHydra,creature:fortress
CLIMAX,CLIMAX,misc
CLONE,clone,spell
CNTRATTK,centaur,creature:rampart
CNTRDFND,centaur,creature:rampart
CNTRKILL,centaur,creature:rampart
CNTRMOVE,centaur,creature:rampart
CNTRSHOT,centaur,creature:rampart
CNTRSTRK,counterstrike,spell
CNTRWNCE,centaur,creature:rampart
COLDRAY,COLDRAY,misc
COLDRING,COLDRING,misc
CRUSATTK,crusader,creature:castle
CRUSDFND,crusader,creature:castle
CRUSKILL,crusader,creature:castle
CRUSMOVE,crusader,creature:castle
CRUSWNCE,crusader,creature:castle
CRYSATTK,crystalDragon,creature:neutral
CRYSDFND,crystalDragon,creature:neutral
CRYSKILL,crystalDragon,creature:neutral
CRYSMOVE,crystalDragon,creature:neutral
CRYSWNCE,crystalDragon,creature:neutral
CURE,cure,spell
CURSE,curse,spell
CYCLATTK,cyclopKing,creature:stronghold
CYCLDFND,cyclopKing,creature:stronghold
CYCLKILL,cyclopKing,creature:stronghold
CYCLMOVE,cyclopKing,creature:stronghold
CYCLSHOT,cyclopKing,creature:stronghold
CYCLWNCE,cyclopKing,creature:stronghold
DANGER,DANGER,misc
DEATHBLO,deathBlow,misc
DEATHCLD,deathCloud,spell
DEATHRIP,deathRipple,spell
DEATHSTR,deathStare,spell
DECAY,implosion,spell
DEFAULT,DEFAULT,misc
DEVLATTK,devil,creature:inferno
DEVLDFND,devil,creature:inferno
DEVLEXT1,devil,creature:inferno
DEVLEXT2,devil,creature:inferno
DEVLKILL,devil,creature:inferno
DEVLMOVE,devil,creature:inferno
DEVLWNCE,devil,creature:inferno
DFLYATTK,serpentFly,creature:fortress
DFLYDFND,serpentFly,creature:fortress
DFLYKILL,serpentFly,creature:fortress
DFLYMOVE,serpentFly,creature:fortress
DFLYWNCE,serpentFly,creature:fortress
DGLMATTK,diamondGolem,creature:neutral
DGLMDFND,diamondGolem,creature:neutral
DGLMKILL,diamondGolem,creature:neutral
DGLMMOVE,diamondGolem,creature:neutral
DGLMWNCE,diamondGolem,creature:neutral
DHDMATTK,hornedDemon,creature:inferno
DHDMDFND,hornedDemon,creature:inferno
DHDMKILL,hornedDemon,creature:inferno
DHDMMOVE,hornedDemon,creature:inferno
DHDMWNCE,hornedDemon,creature:inferno
DIGSOUND,Dig,misc
DIPMAGK,DIPMAGK,misc
DISEASE,disease,spell
DISGUISE,DISGUISE,misc
DISPELL,dispel,spell
DISRUPTR,disruptingRay,spell
DRAGON,dragonHall,misc
DRAINLIF,DRAINLIF,misc
DRAWBRG,DRAWBRG,misc
DRGNSLAY,DRGNSLAY,misc
DWRFATTK,dwarf,creature:rampart
DWRFDFND,dwarf,creature:rampart
DWRFKILL,dwarf,creature:rampart
DWRFMOVE,dwarf,creature:rampart
DWRFWNCE,dwarf,creature:rampart
ECNTATTK,centaurCaptain,creature:rampart
ECNTDFND,centaurCaptain,creature:rampart
ECNTKILL,centaurCaptain,creature:rampart
ECNTMOVE,centaurCaptain,creature:rampart
ECNTWNCE,centaurCaptain,creature:rampart
EELMATTK,earthElemental,creature:conflux
EELMDFND,earthElemental,creature:conflux
EELMKILL,earthElemental,creature:conflux
EELMMOVE,earthElemental,creature:conflux
EELMWNCE,earthElemental,creature:conflux
EFRTATTK,efreet,creature:inferno
EFRTDFND,efreet,creature:inferno
EFRTKILL,efreet,creature:inferno
EFRTMOVE,efreet,creature:inferno
EFRTWNCE,efreet,creature:inferno
ENCHATTK,enchanter,creature:neutral
ENCHDFND,enchanter,creature:neutral
ENCHKILL,enchanter,creature:neutral
ENCHMOVE,enchanter,creature:neutral
ENCHSHOT,enchanter,creature:neutral
ENCHWNCE,enchanter,creature:neutral
ENERATTK,energyElemental,creature:conflux
ENERDFND,energyElemental,creature:conflux
ENERKILL,energyElemental,creature:conflux
ENERMOVE,energyElemental,creature:conflux
ENERWNCE,energyElemental,creature:conflux
ERTHQUAK,earthquake,spell
ESULATTK,efreetSultan,creature:inferno
ESULDFND,efreetSultan,creature:inferno
ESULKILL,efreetSultan,creature:inferno
ESULMOVE,efreetSultan,creature:inferno
ESULSHOT,efreetSultan,creature:inferno
ESULWNCE,efreetSultan,creature:inferno
EVLIATTK,evilEye,creature:dungeon
EVLIDETH,EVLIDETH,misc
EVLIDFND,evilEye,creature:dungeon
EVLIKILL,evilEye,creature:dungeon
EVLIMOVE,evilEye,creature:dungeon
EVLISHOT,evilEye,creature:dungeon
EVLIWNCE,evilEye,creature:dungeon
EXPERNCE,experience,misc
FAERATTK,fairieDragon,creature:neutral
FAERDFND,fairieDragon,creature:neutral
FAERIE,faerie,misc
FAERKILL,fairieDragon,creature:neutral
FAERMOVE,fairieDragon,creature:neutral
FAERSHOT,fairieDragon,creature:neutral
FAERWNCE,fairieDragon,creature:neutral
FAIDKILL,FAIDKill,misc
FAIDWNCE,FAIDWNCE,misc
FDFLATTK,fireDragonFly,creature:fortress
FDFLDFND,fireDragonFly,creature:fortress
FDFLKILL,fireDragonFly,creature:fortress
FDFLMOVE,fireDragonFly,creature:fortress
FDFLSHOT,fireDragonFly,creature:fortress
FDFLWNCE,fireDragonFly,creature:fortress
FEAR,FEAR,misc
FELMATTK,fireElemental,creature:conflux
FELMDFND,fireElemental,creature:conflux
FELMKILL,fireElemental,creature:conflux
FELMMOVE,fireElemental,creature:conflux
FELMWNCE,fireElemental,creature:conflux
FIRBATTK,firebird,creature:conflux
FIRBDFND,firebird,creature:conflux
FIRBKILL,firebird,creature:conflux
FIRBMOVE,firebird,creature:conflux
FIRBWNCE,firebird,creature:conflux
FIREBALL,fireball,misc
FIREBLST,inferno,spell
FIRESHIE,FIRESHIE,misc
FIRESHLD,fireShield,spell
FIRESTRM,fireStorm,misc
FIREWALL,fireWall,spell
FLAGMINE,FLAGMINE,misc
FLYSPELL,FLYSPELL,misc
FMLRATTK,familiar,creature:inferno
FMLRDFND,familiar,creature:inferno
FMLRKILL,familiar,creature:inferno
FMLRMOVE,familiar,creature:inferno
FMLRWNCE,familiar,creature:inferno
FORCEFLD,forceField,spell
FORGET,forgetfulness,spell
FORTUNE,fortune,spell
FRENZY,frenzy,spell
FROSTING,frostRing,spell
GAZEBO,gazebo,misc
GBASATTK,greaterBasilisk,creature:fortress
GBASDFND,greaterBasilisk,creature:fortress
GBASKILL,greaterBasilisk,creature:fortress
GBASMOVE,greaterBasilisk,creature:fortress
GBASWNCE,greaterBasilisk,creature:fortress
GBLNATTK,goblin,creature:stronghold
GBLNDFND,goblin,creature:stronghold
GBLNKILL,goblin,creature:stronghold
GBLNMOVE,goblin,creature:stronghold
GBLNWNCE,goblin,creature:stronghold
GELFATTK,grandElf,creature:rampart
GELFDFND,grandElf,creature:rampart
GELFKILL,grandElf,creature:rampart
GELFMOVE,grandElf,creature:rampart
GELFSHOT,grandElf,creature:rampart
GELFWNCE,grandElf,creature:rampart
GENIATTK,genie,creature:tower
GENIDFND,genie,creature:tower
GENIE,GENIE,misc
GENIKILL,genie,creature:tower
GENIMOVE,genie,creature:tower
GENIWNCE,genie,creature:tower
GETPROTECTION,GETPROTECTION,misc
GGLMATTK,goldGolem,creature:neutral
GGLMDFND,goldGolem,creature:neutral
GGLMKILL,goldGolem,creature:neutral
GGLMMOVE,goldGolem,creature:neutral
GGLMWNCE,goldGolem,creature:neutral
GHDRATTK,ghostDragon,creature:necropolis
GHDRDFND,ghostDragon,creature:necropolis
GHDRKILL,ghostDragon,creature:necropolis
GHDRMOVE,ghostDragon,creature:necropolis
GHDRWNCE,ghostDragon,creature:necropolis
GNLMATTK,gnollMarauder,creature:fortress
GNLMDFND,gnollMarauder,creature:fortress
GNLMKILL,gnollMarauder,creature:fortress
GNLMMOVE,gnollMarauder,creature:fortress
GNLMWNCE,gnollMarauder,creature:fortress
GNOLATTK,gnoll,creature:fortress
GNOLDFND,gnoll,creature:fortress
GNOLKILL,gnoll,creature:fortress
GNOLMOVE,gnoll,creature:fortress
GNOLWNCE,gnoll,creature:fortress
GODRATTK,goldDragon,creature:rampart
GODRDFND,goldDragon,creature:rampart
GODRKILL,goldDragon,creature:rampart
GODRMOVE,goldDragon,creature:rampart
GODRWNCE,goldDragon,creature:rampart
GOGFLAME,GOGFLAME,misc
GOGGATTK,gog,creature:inferno
GOGGDFND,gog,creature:inferno
GOGGKILL,gog,creature:inferno
GOGGMOVE,gog,creature:inferno
GOGGSHOT,gog,creature:inferno
GOGGWNCE,gog,creature:inferno
GOODLUCK,GOODLUCK,misc
GOODMRLE,GOODMRLE,misc
GRAVEYARD,GRAVEYARD,misc
GRDRATTK,greenDragon,creature:rampart
GRDRDFND,greenDragon,creature:rampart
GRDRKILL,greenDragon,creature:rampart
GRDRMOVE,greenDragon,creature:rampart
GRDRWNCE,greenDragon,creature:rampart
GRIFATTK,griffin,creature:castle
GRIFDFND,griffin,creature:castle
GRIFKILL,griffin,creature:castle
GRIFMOVE,griffin,creature:castle
GRIFWNCE,griffin,creature:castle
GTITATTK,titan,creature:tower
GTITDFND,titan,creature:tower
GTITKILL,titan,creature:tower
GTITMOVE,titan,creature:tower
GTITSHOT,titan,creature:tower
GTITWNCE,titan,creature:tower
GWRDATTK,goblinWolfRider,creature:stronghold
GWRDDFND,goblinWolfRider,creature:stronghold
GWRDKILL,goblinWolfRider,creature:stronghold
GWRDMOVE,goblinWolfRider,creature:stronghold
GWRDWNCE,goblinWolfRider,creature:stronghold
HALBATTK,halberdier,creature:castle
HALBDFND,halberdier,creature:castle
HALBKILL,halberdier,creature:castle
HALBMOVE,halberdier,creature:castle
HALBWNCE,halberdier,creature:castle
HALFATTK,halfling,creature:neutral
HALFDFND,halfling,creature:neutral
HALFKILL,halfling,creature:neutral
HALFMOVE,halfling,creature:neutral
HALFSHOT,halfling,creature:neutral
HALFWNCE,halfling,creature:neutral
HARPATTK,harpy,creature:dungeon
HARPDFND,harpy,creature:dungeon
HARPKILL,harpy,creature:dungeon
HARPMOVE,harpy,creature:dungeon
HARPWNCE,harpy,creature:dungeon
HASTE,HASTE,misc
HCRSATTK,sharpshooter,creature:neutral
HCRSDFND,sharpshooter,creature:neutral
HCRSKILL,sharpshooter,creature:neutral
HCRSMOVE,sharpshooter,creature:neutral
HCRSSHOT,sharpshooter,creature:neutral
HCRSWNCE,sharpshooter,creature:neutral
HGOBATTK,hobgoblin,creature:stronghold
HGOBDFND,hobgoblin,creature:stronghold
HGOBKILL,hobgoblin,creature:stronghold
HGOBMOVE,hobgoblin,creature:stronghold
HGOBWNCE,hobgoblin,creature:stronghold
HGWRATTK,hobgoblinWolfRider,creature:stronghold
HGWRDFND,hobgoblinWolfRider,creature:stronghold
HGWRKILL,hobgoblinWolfRider,creature:stronghold
HGWRMOVE,hobgoblinWolfRider,creature:stronghold
HGWRWNCE,hobgoblinWolfRider,creature:stronghold
HHAGATTK,harpyHag,creature:dungeon
HHAGDFND,harpyHag,creature:dungeon
HHAGKILL,harpyHag,creature:dungeon
HHAGMOVE,harpyHag,creature:dungeon
HHAGSHOT,harpyHag,creature:dungeon
HHAGWNCE,harpyHag,creature:dungeon
HHNDATTK,hellHound,creature:inferno
HHNDDFND,hellHound,creature:inferno
HHNDKILL,hellHound,creature:inferno
HHNDMOVE,hellHound,creature:inferno
HHNDWNCE,hellHound,creature:inferno
HORSE00,horseDirt,misc
HORSE01,horseSand,misc
HORSE02,horseGrass,misc
HORSE03,horseSnow,misc
HORSE04,horseSwamp,misc
HORSE05,horseRough,misc
HORSE06,horseSubterranean,misc
HORSE07,horseLava,misc
HORSE08,horseWater,misc
HORSE09,horseRock,misc
HORSE10,horseFly,misc
HORSE20,horsePenaltyDirt,misc
HORSE21,horsePenaltySand,misc
HORSE22,horsePenaltyGrass,misc
HORSE23,horsePenaltySnow,misc
HORSE24,horsePenaltySwamp,misc
HORSE25,horsePenaltyRough,misc
HORSE26,horsePenaltySubterranean,misc
HORSE27,horsePenaltyLava,misc
HORSE29,horsePenaltyRock,misc
HYDRATTK,hydra,creature:fortress
HYDRDFND,hydra,creature:fortress
HYDRKILL,hydra,creature:fortress
HYDRMOVE,hydra,creature:fortress
HYDRWNCE,hydra,creature:fortress
HYPNOTIZ,hypnotize,spell
ICELATTK,iceElemental,creature:conflux
ICELDFND,iceElemental,creature:conflux
ICELKILL,iceElemental,creature:conflux
ICELMOVE,iceElemental,creature:conflux
ICELSHOT,iceElemental,creature:conflux
ICELWNCE,iceElemental,creature:conflux
ICERAY,iceBolt,spell
ICERAYEX,ICERAYEX,misc
IGLMATTK,ironGolem,creature:tower
IGLMDFND,ironGolem,creature:tower
IGLMKILL,ironGolem,creature:tower
IGLMMOVE,ironGolem,creature:tower
IGLMWNCE,ironGolem,creature:tower
IMPPATTK,imp,creature:inferno
IMPPDFND,imp,creature:inferno
IMPPKILL,imp,creature:inferno
IMPPMOVE,imp,creature:inferno
IMPPWNCE,imp,creature:inferno
ITRGATTK,infernalTroglodyte,creature:dungeon
ITRGDFND,infernalTroglodyte,creature:dungeon
ITRGKILL,infernalTroglodyte,creature:dungeon
ITRGMOVE,infernalTroglodyte,creature:dungeon
ITRGWNCE,infernalTroglodyte,creature:dungeon
KEEPSHOT,KEEPShot,misc
KILLFADE,KillFade,misc
LANDKILL,landMineTrigger,spell
LANDMINE,LANDMINE,misc
LCRSATTK,archer,creature:castle
LCRSDFND,archer,creature:castle
LCRSKILL,archer,creature:castle
LCRSMOVE,archer,creature:castle
LCRSSHOT,archer,creature:castle
LCRSWNCE,archer,creature:castle
LICHATK2,LICHATK2,misc
LICHATTK,lich,creature:necropolis
LICHDFND,lich,creature:necropolis
LICHKILL,lich,creature:necropolis
LICHMOVE,lich,creature:necropolis
LICHSHOT,lich,creature:necropolis
LICHWNCE,lich,creature:necropolis
LIGHTBLT,lightningBolt,spell
LIGHTHOUSE,LIGHTHOUSE,misc
LOOPAIR,LOOPAIR,misc
LOOPANIM,LOOPANIM,misc
LOOPARCH,LOOPARCH,misc
LOOPAREN,LOOPAREN,misc
LOOPBEHE,LOOPBEHE,misc
LOOPBIRD,LOOPBIRD,misc
LOOPBUOY,LOOPBUOY,misc
LOOPCAMP,LOOPCAMP,misc
LOOPCAVE,LOOPCAVE,misc
LOOPCRYS,LOOPCRYS,misc
LOOPCURS,LOOPCURS,misc
LOOPDEAD,LOOPDEAD,misc
LOOPDEN,LOOPDEN,misc
LOOPDEVL,LOOPDEVL,misc
LOOPDOG,LOOPDOG,misc
LOOPDRAG,LOOPDRAG,misc
LOOPDWAR,LOOPDWAR,misc
LOOPEART,LOOPEART,misc
LOOPELF,LOOPELF,misc
LOOPFACT,LOOPFACT,misc
LOOPFAER,LOOPFAER,misc
LOOPFALL,LOOPFALL,misc
LOOPFIRE,LOOPFIRE,misc
LOOPFLAG,LOOPFLAG,misc
LOOPFOUN,LOOPFOUN,misc
LOOPGARD,LOOPGARD,misc
LOOPGATE,LOOPGATE,misc
LOOPGEMP,LOOPGEMP,misc
LOOPGOBL,LOOPGOBL,misc
LOOPGREM,LOOPGREM,misc
LOOPGRIF,LOOPGRIF,misc
LOOPHARP,LOOPHARP,misc
LOOPHORS,LOOPHORS,misc
LOOPHYDR,LOOPHYDR,misc
LOOPLEAR,LOOPLEAR,misc
LOOPLEPR,LOOPLEPR,misc
LOOPLUMB,LOOPLUMB,misc
LOOPMAGI,LOOPMAGI,misc
LOOPMANT,LOOPMANT,misc
LOOPMARK,LOOPMARK,misc
LOOPMEDU,LOOPMEDU,misc
LOOPMERC,LOOPMERC,misc
LOOPMILL,LOOPMILL,misc
LOOPMINE,LOOPMINE,misc
LOOPMON1,LOOPMON1,misc
LOOPMON2,LOOPMON2,misc
LOOPMONK,LOOPMONK,misc
LOOPMONS,LOOPMONS,misc
LOOPNAGA,LOOPNAGA,misc
LOOPOCEA,LOOPOCEA,misc
LOOPOGRE,LOOPOGRE,misc
LOOPORC,LOOPORC,misc
LOOPPEGA,LOOPPEGA,misc
LOOPPIKE,LOOPPIKE,misc
LOOPSANC,LOOPSANC,misc
LOOPSHRIN,LOOPSHRIN,misc
LOOPSIRE,LOOPSIRE,misc
LOOPSKEL,LOOPSKEL,misc
LOOPSTAR,LOOPSTAR,misc
LOOPSULF,LOOPSULF,misc
LOOPSWAR,LOOPSWAR,misc
LOOPSWOR,LOOPSWOR,misc
LOOPTAV,LOOPTAV,misc
LOOPTITA,LOOPTITA,misc
LOOPUNIC,LOOPUNIC,misc
LOOPVENT,LOOPVENT,misc
LOOPVOLC,LOOPVOLC,misc
LOOPWHIR,LOOPWHIR,misc
LOOPWIND,LOOPWIND,misc
LOOPWOLF,LOOPWOLF,misc
LTITATTK,giant,creature:tower
LTITDFND,giant,creature:tower
LTITKILL,giant,creature:tower
LTITMOVE,giant,creature:tower
LTITWNCE,giant,creature:tower
LUCK,LUCK,misc
MAGCAROW,MAGCAROW,misc
MAGCHDRN,MAGCHDRN,misc
MAGCHFIL,MAGCHFIL,misc
MAGEATTK,mage,creature:tower
MAGEDFND,mage,creature:tower
MAGEKILL,mage,creature:tower
MAGEMOVE,mage,creature:tower
MAGESHOT,mage,creature:tower
MAGEWNCE,mage,creature:tower
MAGICBLT,magicArrow,spell
MAGICRES,MAGICRES,misc
MAGMATTK,magmaElemental,creature:conflux
MAGMDFND,magmaElemental,creature:conflux
MAGMKILL,magmaElemental,creature:conflux
MAGMMOVE,magmaElemental,creature:conflux
MAGMWNCE,magmaElemental,creature:conflux
MANADRAI,MANADRAI,misc
MANTATTK,manticore,creature:dungeon
MANTDFND,manticore,creature:dungeon
MANTKILL,manticore,creature:dungeon
MANTMOVE,manticore,creature:dungeon
MANTSHOT,manticore,creature:dungeon
MANTWNCE,manticore,creature:dungeon
MEDQATTK,medusaQueen,creature:dungeon
MEDQDFND,medusaQueen,creature:dungeon
MEDQKILL,medusaQueen,creature:dungeon
MEDQMOVE,medusaQueen,creature:dungeon
MEDQSHOT,medusaQueen,creature:dungeon
MEDQWNCE,medusaQueen,creature:dungeon
MEDUATTK,medusa,creature:dungeon
MEDUDFND,medusa,creature:dungeon
MEDUKILL,medusa,creature:dungeon
MEDUMOVE,medusa,creature:dungeon
MEDUSHOT,medusa,creature:dungeon
MEDUWNCE,medusa,creature:dungeon
METEOR,meteorShower,spell
MGELATTK,magicElemental,creature:conflux
MGELDFND,magicElemental,creature:conflux
MGELKILL,magicElemental,creature:conflux
MGELMOVE,magicElemental,creature:conflux
MGELWNCE,magicElemental,creature:conflux
MGOGATTK,magog,creature:inferno
MGOGDFND,magog,creature:inferno
MGOGKILL,magog,creature:inferno
MGOGMOVE,magog,creature:inferno
MGOGSHOT,MGOGShot,misc
MGOGWNCE,magog,creature:inferno
MGRMATTK,masterGremlin,creature:tower
MGRMDFND,masterGremlin,creature:tower
MGRMKILL,masterGremlin,creature:tower
MGRMMOVE,masterGremlin,creature:tower
MGRMSHOT,masterGremlin,creature:tower
MGRMWNCE,masterGremlin,creature:tower
MILITARY,MILITARY,misc
MINKATTK,minotaurKing,creature:dungeon
MINKDFND,minotaurKing,creature:dungeon
MINKKILL,minotaurKing,creature:dungeon
MINKMOVE,minotaurKing,creature:dungeon
MINKSHOT,minotaurKing,creature:dungeon
MINKWNCE,minotaurKing,creature:dungeon
MINOATTK,minotaur,creature:dungeon
MINODFND,minotaur,creature:dungeon
MINOKILL,minotaur,creature:dungeon
MINOMOVE,minotaur,creature:dungeon
MINOWNCE,minotaur,creature:dungeon
MIRRORIM,MIRRORIM,misc
MIRTH,mirth,spell
MISFORT,misfortune,spell
MNRDEATH,MNRDEATH,misc
MONKATTK,monk,creature:castle
MONKDFND,monk,creature:castle
MONKKILL,monk,creature:castle
MONKMOVE,monk,creature:castle
MONKSHOT,monk,creature:castle
MONKWNCE,monk,creature:castle
MORALE,MORALE,misc
MUCKMIRE,slow,spell
MUMYATTK,mummy,creature:neutral
MUMYDFND,mummy,creature:neutral
MUMYKILL,mummy,creature:neutral
MUMYMOVE,mummy,creature:neutral
MUMYWNCE,mummy,creature:neutral
MYSTERY,MYSTERY,misc
NEWDAY,newDay,misc
NEWMONTH,newMonth,misc
NEWWEEK,newWeek,misc
NGRDATTK,nagaQueen,creature:tower
NGRDDFND,nagaQueen,creature:tower
NGRDKILL,nagaQueen,creature:tower
NGRDMOVE,nagaQueen,creature:tower
NGRDWNCE,nagaQueen,creature:tower
NMADATTK,nomad,creature:neutral
NMADDFND,nomad,creature:neutral
NMADKILL,nomad,creature:neutral
NMADMOVE,nomad,creature:neutral
NMADWNCE,nomad,creature:neutral
NOMAD,NOMAD,misc
NOSFATTK,vampireLord,creature:necropolis
NOSFDFND,vampireLord,creature:necropolis
NOSFEXT1,vampireLord,creature:necropolis
NOSFEXT2,vampireLord,creature:necropolis
NOSFKILL,vampireLord,creature:necropolis
NOSFMOVE,vampireLord,creature:necropolis
NOSFSHOT,vampireLord,creature:necropolis
NOSFWNCE,vampireLord,creature:necropolis
NSENATTK,naga,creature:tower
NSENDFND,naga,creature:tower
NSENKILL,naga,creature:tower
NSENMOVE,naga,creature:tower
NSENWNCE,naga,creature:tower
NWHEROLV,heroNewLevel,misc
OBELISK,OBELISK,misc
OGREATTK,ogre,creature:stronghold
OGREDFND,ogre,creature:stronghold
OGREKILL,ogre,creature:stronghold
OGREMOVE,ogre,creature:stronghold
OGREWNCE,ogre,creature:stronghold
OGRGATTK,obsidianGargoyle,creature:tower
OGRGDFND,obsidianGargoyle,creature:tower
OGRGKILL,obsidianGargoyle,creature:tower
OGRGMOVE,obsidianGargoyle,creature:tower
OGRGWNCE,obsidianGargoyle,creature:tower
OGRMATTK,ogreMage,creature:stronghold
OGRMDFND,ogreMage,creature:stronghold
OGRMKILL,ogreMage,creature:stronghold
OGRMMOVE,ogreMage,creature:stronghold
OGRMSHOT,ogreMage,creature:stronghold
OGRMWNCE,ogreMage,creature:stronghold
OORCATTK,orc,creature:stronghold
OORCDFND,orc,creature:stronghold
OORCKILL,orc,creature:stronghold
OORCMOVE,orc,creature:stronghold
OORCSHOT,orc,creature:stronghold
OORCWNCE,orc,creature:stronghold
ORCCATTK,orcChieftain,creature:stronghold
ORCCDFND,orcChieftain,creature:stronghold
ORCCKILL,orcChieftain,creature:stronghold
ORCCMOVE,orcChieftain,creature:stronghold
ORCCSHOT,orcChieftain,creature:stronghold
ORCCWNCE,orcChieftain,creature:stronghold
PARALYZE,paralyze,spell
PEGAATTK,pegasus,creature:rampart
PEGADFND,pegasus,creature:rampart
PEGAKILL,pegasus,creature:rampart
PEGAMOVE,pegasus,creature:rampart
PEGAWNCE,pegasus,creature:rampart
PFNDATTK,pitFiend,creature:inferno
PFNDDFND,pitFiend,creature:inferno
PFNDKILL,pitFiend,creature:inferno
PFNDMOVE,pitFiend,creature:inferno
PFNDWNCE,pitFiend,creature:inferno
PFOEATTK,pitLord,creature:inferno
PFOEDFND,pitLord,creature:inferno
PFOEKILL,pitLord,creature:inferno
PFOEMOVE,pitLord,creature:inferno
PFOEWNCE,pitLord,creature:inferno
PHOEATTK,phoenix,creature:conflux
PHOEDFND,phoenix,creature:conflux
PHOEKILL,phoenix,creature:conflux
PHOEMOVE,phoenix,creature:conflux
PHOEWNCE,phoenix,creature:conflux
PICKUP01,pickup01,misc
PICKUP02,pickup02,misc
PICKUP03,pickup03,misc
PICKUP04,pickup04,misc
PICKUP05,pickup05,misc
PICKUP06,pickup06,misc
PICKUP07,pickup07,misc
PIKEATTK,pikeman,creature:castle
PIKEDFND,pikeman,creature:castle
PIKEKILL,pikeman,creature:castle
PIKEMOVE,pikeman,creature:castle
PIKEWNCE,pikeman,creature:castle
PIXIATTK,pixie,creature:conflux
PIXIDFND,pixie,creature:conflux
PIXIKILL,pixie,creature:conflux
PIXIMOVE,pixie,creature:conflux
PIXIWNCE,pixie,creature:conflux
PLAYCOME,PLAYCOME,misc
PLAYEXIT,PLAYEXIT,misc
PLAYTURN,PLAYTURN,misc
PLCHATTK,powerLich,creature:necropolis
PLCHDFND,powerLich,creature:necropolis
PLCHKILL,powerLich,creature:necropolis
PLCHMOVE,powerLich,creature:necropolis
PLCHSHOT,powerLich,creature:necropolis
PLCHWNCE,powerLich,creature:necropolis
PLIZATTK,lizardman,creature:fortress
PLIZDFND,lizardman,creature:fortress
PLIZKILL,lizardman,creature:fortress
PLIZMOVE,lizardman,creature:fortress
PLIZSHOT,lizardman,creature:fortress
PLIZWNCE,lizardman,creature:fortress
POISON,poison,spell
PRAYER,prayer,spell
PRECION,PRECISION,misc
PRECISON,precision,spell
PROTECT,PROTECT,misc
PROTECTA,protectAir,spell
PROTECTE,protectEarth,spell
PROTECTF,protectFire,spell
PROTECTW,protectWater,spell
PSNTATTK,peasant,creature:neutral
PSNTDFND,peasant,creature:neutral
PSNTKILL,peasant,creature:neutral
PSNTMOVE,peasant,creature:neutral
PSNTWNCE,peasant,creature:neutral
PSYCATTK,psychicElemental,creature:conflux
PSYCDFND,psychicElemental,creature:conflux
PSYCKILL,psychicElemental,creature:conflux
PSYCMOVE,psychicElemental,creature:conflux
PSYCWNCE,psychicElemental,creature:conflux
QUEST,QUEST,misc
QUIKSAND,QUIKSAND,misc
RDDRATTK,redDragon,creature:dungeon
RDDRDFND,redDragon,creature:dungeon
RDDRKILL,redDragon,creature:dungeon
RDDRMOVE,redDragon,creature:dungeon
RDDRWNCE,redDragon,creature:dungeon
REGENER,REGENER,misc
REMOVEOB,removeObstacle,spell
RESURECT,resurrection,spell
RGRFATTK,royalGriffin,creature:castle
RGRFDFND,royalGriffin,creature:castle
RGRFKILL,royalGriffin,creature:castle
RGRFMOVE,royalGriffin,creature:castle
RGRFWNCE,royalGriffin,creature:castle
ROCCATTK,roc,creature:stronghold
ROCCDFND,roc,creature:stronghold
ROCCKILL,roc,creature:stronghold
ROCCMOVE,roc,creature:stronghold
ROCCWNCE,roc,creature:stronghold
ROGUATTK,rogue,creature:neutral
ROGUDFND,rogue,creature:neutral
ROGUE,ROGUE,misc
ROGUKILL,rogue,creature:neutral
ROGUMOVE,rogue,creature:neutral
ROGUWNCE,rogue,creature:neutral
RSBRYFZL,RSBRYFZL,misc
RUSTATTK,rustDragon,creature:neutral
RUSTDFND,rustDragon,creature:neutral
RUSTKILL,rustDragon,creature:neutral
RUSTMOVE,rustDragon,creature:neutral
RUSTWNCE,rustDragon,creature:neutral
SACBRETH,destroyUndead,spell
SACRIF1,sacrifice,spell
SACRIF2,SACRIF2,misc
SCRPATTK,scorpicore,creature:dungeon
SCRPDFND,scorpicore,creature:dungeon
SCRPKILL,scorpicore,creature:dungeon
SCRPMOVE,scorpicore,creature:dungeon
SCRPSHOT,scorpicore,creature:dungeon
SCRPWNCE,scorpicore,creature:dungeon
SCUTBOAT,SCUTBOAT,misc
SGLMATTK,stoneGolem,creature:tower
SGLMDFND,stoneGolem,creature:tower
SGLMKILL,stoneGolem,creature:tower
SGLMMOVE,stoneGolem,creature:tower
SGLMWNCE,stoneGolem,creature:tower
SGRGATTK,stoneGargoyle,creature:tower
SGRGDFND,stoneGargoyle,creature:tower
SGRGKILL,stoneGargoyle,creature:tower
SGRGMOVE,stoneGargoyle,creature:tower
SGRGWNCE,stoneGargoyle,creature:tower
SHDMATTK,demon,creature:inferno
SHDMDFND,demon,creature:inferno
SHDMKILL,demon,creature:inferno
SHDMMOVE,demon,creature:inferno
SHDMWNCE,demon,creature:inferno
SHIELD,shield,spell
SKELATTK,skeleton,creature:necropolis
SKELDFND,skeleton,creature:necropolis
SKELKILL,skeleton,creature:necropolis
SKELMOVE,skeleton,creature:necropolis
SKELWNCE,skeleton,creature:necropolis
SKLWATTK,skeletonWarrior,creature:necropolis
SKLWDFND,skeletonWarrior,creature:necropolis
SKLWKILL,skeletonWarrior,creature:necropolis
SKLWMOVE,skeletonWarrior,creature:necropolis
SKLWWNCE,skeletonWarrior,creature:necropolis
SLAYER,slayer,spell
SORROW,sorrow,spell
SPONTCOMB,magog,creature:inferno
SPRTATTK,sprite,creature:conflux
SPRTDFND,sprite,creature:conflux
SPRTKILL,sprite,creature:conflux
SPRTMOVE,sprite,creature:conflux
SPRTWNCE,sprite,creature:conflux
STORATTK,stormElemental,creature:conflux
STORDFND,stormElemental,creature:conflux
STORE,STORE,misc
STORKILL,stormElemental,creature:conflux
STORM,STORM,misc
STORMOVE,stormElemental,creature:conflux
STORSHOT,stormElemental,creature:conflux
STORWNCE,stormElemental,creature:conflux
SUMMBOAT,SUMMBOAT,misc
SUMNELM,airElemental,spell
SWRDATTK,swordsman,creature:castle
SWRDDFND,swordsman,creature:castle
SWRDKILL,swordsman,creature:castle
SWRDMOVE,swordsman,creature:castle
SWRDWNCE,swordsman,creature:castle
SYSMSG,SYSMSG,misc
TAILWIND,haste,spell
TBRDATTK,thunderbird,creature:stronghold
TBRDDFND,thunderbird,creature:stronghold
TBRDKILL,thunderbird,creature:stronghold
TBRDMOVE,thunderbird,creature:stronghold
TBRDWNCE,thunderbird,creature:stronghold
TELEIN,TELEIN,misc
TELPTIN,TELPTIN,misc
TELPTOUT,teleport,spell
TEMPLE,temple,misc
TIMEOVER,timeOver,misc
TREASURE,treasure,misc
TREEATTK,dendroidGuard,creature:rampart
TREEDFND,dendroidGuard,creature:rampart
TREEKILL,dendroidGuard,creature:rampart
TREEMOVE,dendroidGuard,creature:rampart
TREEWNCE,dendroidGuard,creature:rampart
TRLLATTK,troll,creature:neutral
TRLLDFND,troll,creature:neutral
TRLLKILL,troll,creature:neutral
TRLLMOVE,troll,creature:neutral
TRLLWNCE,troll,creature:neutral
TROGATTK,troglodyte,creature:dungeon
TROGDFND,troglodyte,creature:dungeon
TROGKILL,troglodyte,creature:dungeon
TROGMOVE,troglodyte,creature:dungeon
TROGWNCE,troglodyte,creature:dungeon
TUFFSKIN,stoneSkin,spell
ULTIMATEARTIFACT,ULTIMATEARTIFACT,misc
UNICATTK,unicorn,creature:rampart
UNICDFND,unicorn,creature:rampart
UNICKILL,unicorn,creature:rampart
UNICMOVE,unicorn,creature:rampart
UNICWNCE,unicorn,creature:rampart
VAMPATTK,vampire,creature:necropolis
VAMPDFND,vampire,creature:necropolis
VAMPEXT1,vampire,creature:necropolis
VAMPEXT2,vampire,creature:necropolis
VAMPKILL,vampire,creature:necropolis
VAMPMOVE,vampire,creature:necropolis
VAMPWNCE,vampire,creature:necropolis
VIEW,VIEW,misc
VISIONS,VISIONS,misc
WALLHIT,WALLHIT,misc
WALLMISS,WALLMISS,misc
WATRWALK,WATRWALK,misc
WEAKNESS,weakness,spell
WELFATTK,woodElf,creature:rampart
WELFDFND,woodElf,creature:rampart
WELFKILL,woodElf,creature:rampart
WELFMOVE,woodElf,creature:rampart
WELFSHOT,woodElf,creature:rampart
WELFWNCE,woodElf,creature:rampart
WELMATTK,waterElemental,creature:conflux
WELMDFND,waterElemental,creature:conflux
WELMKILL,waterElemental,creature:conflux
WELMMOVE,waterElemental,creature:conflux
WELMWNCE,waterElemental,creature:conflux
WGHTATTK,wight,creature:necropolis
WGHTDFND,wight,creature:necropolis
WGHTKILL,wight,creature:necropolis
WGHTMOVE,wight,creature:necropolis
WGHTWNCE,wight,creature:necropolis
WRTHATTK,wraith,creature:necropolis
WRTHDFND,wraith,creature:necropolis
WRTHKILL,wraith,creature:necropolis
WRTHMOVE,wraith,creature:necropolis
WRTHWNCE,wraith,creature:necropolis
WUNCATTK,warUnicorn,creature:rampart
WUNCDFND,warUnicorn,creature:rampart
WUNCKILL,warUnicorn,creature:rampart
WUNCMOVE,warUnicorn,creature:rampart
WUNCSHOT,warUnicorn,creature:rampart
WUNCWNCE,warUnicorn,creature:rampart
WYVMATTK,wyvernMonarch,creature:fortress
WYVMDFND,wyvernMonarch,creature:fortress
WYVMKILL,wyvernMonarch,creature:fortress
WYVMMOVE,wyvernMonarch,creature:fortress
WYVMWNCE,wyvernMonarch,creature:fortress
WYVNATTK,wyvern,creature:fortress
WYVNDFND,wyvern,creature:fortress
WYVNKILL,wyvern,creature:fortress
WYVNMOVE,wyvern,creature:fortress
WYVNWNCE,wyvern,creature:fortress
YBMHATTK,behemoth,creature:stronghold
YBMHDFND,behemoth,creature:stronghold
YBMHKILL,behemoth,creature:stronghold
YBMHMOVE,behemoth,creature:stronghold
YBMHWNCE,behemoth,creature:stronghold
ZELTATTK,zealot,creature:castle
ZELTDFND,zealot,creature:castle
ZELTKILL,zealot,creature:castle
ZELTMOVE,zealot,creature:castle
ZELTSHOT,zealot,creature:castle
ZELTWNCE,zealot,creature:castle
ZMBLATTK,zombieLord,creature:necropolis
ZMBLDFND,zombieLord,creature:necropolis
ZMBLKILL,zombieLord,creature:necropolis
ZMBLMOVE,zombieLord,creature:necropolis
ZMBLWNCE,zombieLord,creature:necropolis
ZOMBATTK,walkingDead,creature:necropolis
ZOMBDFND,walkingDead,creature:necropolis
ZOMBKILL,walkingDead,creature:necropolis
ZOMBMOVE,walkingDead,creature:necropolis
ZOMBWNCE,walkingDead,creature:necropolis
